panel,series,x,seed,estimate,lower,upper,metric
a,geospatial_kernel,2021,mean_n3,0.25947306504361495,0.2548683598148993,0.2640777702723306,strict_change_fom_mean_plus_minus_sample_sd
a,persistence,2021,mean_n3,0.0,0.0,0.0,strict_change_fom_mean_plus_minus_sample_sd
a,random_allocation,2021,mean_n3,0.052394963527672554,0.04549870663386053,0.059291220421484575,strict_change_fom_mean_plus_minus_sample_sd
a,geospatial_kernel,2022,mean_n3,0.07240625151593819,0.07043573657933398,0.07437676645254239,strict_change_fom_mean_plus_minus_sample_sd
a,persistence,2022,mean_n3,0.0,0.0,0.0,strict_change_fom_mean_plus_minus_sample_sd
a,random_allocation,2022,mean_n3,0.004842039437322372,0.0032502740194496737,0.006433804855195071,strict_change_fom_mean_plus_minus_sample_sd
a,geospatial_kernel,2023,mean_n3,0.21163837346219816,0.20741399312534844,0.21586275379904787,strict_change_fom_mean_plus_minus_sample_sd
a,persistence,2023,mean_n3,0.0,0.0,0.0,strict_change_fom_mean_plus_minus_sample_sd
a,random_allocation,2023,mean_n3,0.02001760429709765,0.01948151470346494,0.02055369389073036,strict_change_fom_mean_plus_minus_sample_sd
a,geospatial_kernel,2024,mean_n3,0.18156009106571344,0.1793865221074192,0.18373366002400768,strict_change_fom_mean_plus_minus_sample_sd
a,persistence,2024,mean_n3,0.0,0.0,0.0,strict_change_fom_mean_plus_minus_sample_sd
a,random_allocation,2024,mean_n3,0.032319407172025146,0.03106122027342888,0.033577594070621414,strict_change_fom_mean_plus_minus_sample_sd
b,kernel_minus_random_allocation,2021,31,0.1991491515677799,0.17041997556204044,0.22781498477246345,paired_spatial_block_bootstrap_strict_fom_difference
b,kernel_minus_persistence,2021,31,0.25749989773058146,0.22584989176170353,0.28842300850989633,paired_spatial_block_bootstrap_strict_fom_difference
b,kernel_minus_random_allocation,2021,47,0.20223002406278393,0.17411427526524267,0.23071289982795348,paired_spatial_block_bootstrap_strict_fom_difference
b,kernel_minus_persistence,2021,47,0.2552393359302303,0.22468911774576977,0.28514069855171803,paired_spatial_block_bootstrap_strict_fom_difference
b,kernel_minus_random_allocation,2021,73,0.2191847758214827,0.18956081309767867,0.2528932161826352,paired_spatial_block_bootstrap_strict_fom_difference
b,kernel_minus_persistence,2021,73,0.2636438997127152,0.23190452976267856,0.30011180088188844,paired_spatial_block_bootstrap_strict_fom_difference
b,kernel_minus_random_allocation,2022,31,0.06692689297929551,0.05474396525890318,0.07857393340014542,paired_spatial_block_bootstrap_strict_fom_difference
b,kernel_minus_persistence,2022,31,0.0719822382582406,0.059927066179325486,0.08400961010420108,paired_spatial_block_bootstrap_strict_fom_difference
b,kernel_minus_random_allocation,2022,47,0.06763586831557164,0.054614370304460765,0.08121763754222393,paired_spatial_block_bootstrap_strict_fom_difference
b,kernel_minus_persistence,2022,47,0.074068237793419,0.06101743534543985,0.0872596212972456,paired_spatial_block_bootstrap_strict_fom_difference
b,kernel_minus_random_allocation,2022,73,0.06718767832415512,0.05430198909869149,0.08085339091267849,paired_spatial_block_bootstrap_strict_fom_difference
b,kernel_minus_persistence,2022,73,0.07039397450753186,0.05724533364893218,0.08385149314055022,paired_spatial_block_bootstrap_strict_fom_difference
b,kernel_minus_random_allocation,2023,31,0.1870086932023589,0.16861247785033628,0.20369113967560817,paired_spatial_block_bootstrap_strict_fom_difference
b,kernel_minus_persistence,2023,31,0.2065374252770218,0.18733079735517394,0.2236896490565464,paired_spatial_block_bootstrap_strict_fom_difference
b,kernel_minus_random_allocation,2023,47,0.1946402930708288,0.1778971139427366,0.2125969553170026,paired_spatial_block_bootstrap_strict_fom_difference
b,kernel_minus_persistence,2023,47,0.2147316483981752,0.1976165590694145,0.23339433671912446,paired_spatial_block_bootstrap_strict_fom_difference
b,kernel_minus_random_allocation,2023,73,0.1922085748714087,0.17406017246058952,0.20952365965661535,paired_spatial_block_bootstrap_strict_fom_difference
b,kernel_minus_persistence,2023,73,0.21255132362503182,0.19473311430376722,0.23045968230552408,paired_spatial_block_bootstrap_strict_fom_difference
b,kernel_minus_random_allocation,2024,31,0.14766216079670325,0.13165720303131848,0.16313250282399683,paired_spatial_block_bootstrap_strict_fom_difference
b,kernel_minus_persistence,2024,31,0.17859856231021876,0.16235461581286625,0.19383453405047793,paired_spatial_block_bootstrap_strict_fom_difference
b,kernel_minus_random_allocation,2024,47,0.14963356773149425,0.13265091111724622,0.16584662659511487,paired_spatial_block_bootstrap_strict_fom_difference
b,kernel_minus_persistence,2024,47,0.18242586819682133,0.16613081904069976,0.19870400678113062,paired_spatial_block_bootstrap_strict_fom_difference
b,kernel_minus_random_allocation,2024,73,0.1496521937018315,0.13384441260527477,0.16559943103786223,paired_spatial_block_bootstrap_strict_fom_difference
b,kernel_minus_persistence,2024,73,0.18287488710089583,0.16732622713940648,0.19885069513172482,paired_spatial_block_bootstrap_strict_fom_difference
c,dynamic_world_observed_2020,0.05,deterministic_or_mean_n3,0.3907642113188606,,,binary_f1_against_worldcover
c,dynamic_world_observed_2021,0.05,deterministic_or_mean_n3,0.3501041976778803,,,binary_f1_against_worldcover
c,geospatial_kernel_2021,0.05,deterministic_or_mean_n3,0.3518211333701955,,,binary_f1_against_worldcover
c,persistence_2021,0.05,deterministic_or_mean_n3,0.3885690533097786,,,binary_f1_against_worldcover
c,random_allocation_2021,0.05,deterministic_or_mean_n3,0.35253002140841877,,,binary_f1_against_worldcover
d,dynamic_world_observed,0.05,deterministic_or_mean_n3,0.011075219197046609,,,binary_f1_against_worldcover
d,geospatial_kernel_worldcover_count_action,0.05,mean_n3,0.015723270440251572,,,binary_f1_against_worldcover_with_worldcover_gain_count_action
d,random_allocation_worldcover_count_action,0.05,mean_n3,0.026822049574546803,,,binary_f1_against_worldcover_with_worldcover_gain_count_action
c,dynamic_world_observed_2020,0.1,deterministic_or_mean_n3,0.3998344010110254,,,binary_f1_against_worldcover
c,dynamic_world_observed_2021,0.1,deterministic_or_mean_n3,0.36032542070656415,,,binary_f1_against_worldcover
c,geospatial_kernel_2021,0.1,deterministic_or_mean_n3,0.36251235297177203,,,binary_f1_against_worldcover
c,persistence_2021,0.1,deterministic_or_mean_n3,0.4002698350524437,,,binary_f1_against_worldcover
c,random_allocation_2021,0.1,deterministic_or_mean_n3,0.3635674639441832,,,binary_f1_against_worldcover
d,dynamic_world_observed,0.1,deterministic_or_mean_n3,0.013464526152252718,,,binary_f1_against_worldcover
d,geospatial_kernel_worldcover_count_action,0.1,mean_n3,0.02277564921243082,,,binary_f1_against_worldcover_with_worldcover_gain_count_action
d,random_allocation_worldcover_count_action,0.1,mean_n3,0.02767134951042997,,,binary_f1_against_worldcover_with_worldcover_gain_count_action
c,dynamic_world_observed_2020,0.2,deterministic_or_mean_n3,0.41859803107579174,,,binary_f1_against_worldcover
c,dynamic_world_observed_2021,0.2,deterministic_or_mean_n3,0.377996491911908,,,binary_f1_against_worldcover
c,geospatial_kernel_2021,0.2,deterministic_or_mean_n3,0.38137933274859503,,,binary_f1_against_worldcover
c,persistence_2021,0.2,deterministic_or_mean_n3,0.4209127370244678,,,binary_f1_against_worldcover
c,random_allocation_2021,0.2,deterministic_or_mean_n3,0.3830036058863659,,,binary_f1_against_worldcover
d,dynamic_world_observed,0.2,deterministic_or_mean_n3,0.01878453038674033,,,binary_f1_against_worldcover
d,geospatial_kernel_worldcover_count_action,0.2,mean_n3,0.026758938869665513,,,binary_f1_against_worldcover_with_worldcover_gain_count_action
d,random_allocation_worldcover_count_action,0.2,mean_n3,0.0251441753171857,,,binary_f1_against_worldcover_with_worldcover_gain_count_action
c,dynamic_world_observed_2020,0.3,deterministic_or_mean_n3,0.43343846935849645,,,binary_f1_against_worldcover
c,dynamic_world_observed_2021,0.3,deterministic_or_mean_n3,0.39243384969366185,,,binary_f1_against_worldcover
c,geospatial_kernel_2021,0.3,deterministic_or_mean_n3,0.3970781045139539,,,binary_f1_against_worldcover
c,persistence_2021,0.3,deterministic_or_mean_n3,0.43872510788748503,,,binary_f1_against_worldcover
c,random_allocation_2021,0.3,deterministic_or_mean_n3,0.39995005306861464,,,binary_f1_against_worldcover
d,dynamic_world_observed,0.3,deterministic_or_mean_n3,0.019189765458422176,,,binary_f1_against_worldcover
d,geospatial_kernel_worldcover_count_action,0.3,mean_n3,0.03970880211780278,,,binary_f1_against_worldcover_with_worldcover_gain_count_action
d,random_allocation_worldcover_count_action,0.3,mean_n3,0.02514890800794176,,,binary_f1_against_worldcover_with_worldcover_gain_count_action
