product,target_year,observed_change_pixels,minimum_feasible_moves,count_only_fom_upper_bound,kernel_mean_fom,geosos_flus_predicted_change_pixels_seeds_31_47_73,geospatial_kernel_predicted_change_pixels_seeds_31_47_73,paper58_predicted_change_pixels_seeds_31_47_73,random_minimum_change_predicted_change_pixels_seeds_31_47_73
Dynamic World,2021,2429,1115,0.459036640593,0.259473065044,5820/5684/4919,1115/1115/1115,1115/1115/1115,1115/1115/1115
Dynamic World,2022,2749,793,0.288468534012,0.072406251516,1174/1091/1139,793/793/793,793/793/793,793/793/793
Dynamic World,2023,4500,3080,0.684444444444,0.211638373462,3618/3393/4125,3080/3080/3080,3080/3080/3080,3080/3080/3080
Dynamic World,2024,4972,3696,0.743362831858,0.181560091066,10219/7017/9558,3696/3696/3696,3696/3696/3696,3696/3696/3696
ArcGIS,2021,3241,278,0.085775995063,0.015398945338,6860/779/2291,278/278/278,278/278/278,278/278/278
ArcGIS,2022,8446,6864,0.812692398769,0.277524747873,7618/7552/12472,6864/6864/6864,6864/6864/6864,6864/6864/6864
ArcGIS,2023,4846,3223,0.665084605861,0.161940597069,5367/3975/4236,3223/3223/3223,3223/3223/3223,3223/3223/3223
ArcGIS,2024,4197,2281,0.543483440553,0.167431672724,2822/4781/3080,2281/2281/2281,2281/2281/2281,2281/2281/2281
ArcGIS,2025,3587,849,0.236688040145,0.057944727710,1651/957/6693,849/849/849,849/849/849,849/849/849
